Feature,Importance
num__OverallQual,0.548906702788284
num__GrLivArea,0.1550399582020378
num__TotalBsmtSF,0.03792651221988189
num__BsmtFinSF1,0.036965063969442824
num__GarageArea,0.02360945031471822
num__1stFlrSF,0.022368837630339207
num__TotRmsAbvGrd,0.015964397335123767
num__LotArea,0.013307346211869847
num__YearBuilt,0.012492562446008037
num__GarageCars,0.01059183650504934
cat__BsmtQual_Ex,0.006657557507183015
num__GarageYrBlt,0.00609700611670282
num__YearRemodAdd,0.005352266393090048
num__OpenPorchSF,0.005105952753768644
num__LotFrontage,0.004810019278461669
num__BsmtUnfSF,0.004506412487814957
num__2ndFlrSF,0.004116059779083665
cat__ExterQual_Ex,0.004027471011093624
num__WoodDeckSF,0.003802503296187551
num__OverallCond,0.003721520390542903
num__MasVnrArea,0.0034946580954909176
cat__LotShape_Reg,0.0030473486150677177
num__FullBath,0.0024204812861692467
num__MoSold,0.0023049959276009854
cat__KitchenQual_Gd,0.0022138234727194306
num__Fireplaces,0.0021717077825799225
cat__BsmtQual_Gd,0.002073108603153851
cat__BsmtExposure_Gd,0.0020256761303788697
num__MSSubClass,0.0017557815317341668
cat__KitchenQual_Ex,0.0017143463181139875
cat__ExterQual_Gd,0.0016249384988555207
cat__FireplaceQu_None,0.0015489304984764017
num__KitchenAbvGr,0.0015379983655082331
num__YrSold,0.0014249327711213966
cat__GarageType_Detchd,0.0013978907608895165
cat__BsmtExposure_No,0.0012478236255716426
num__BedroomAbvGr,0.001202968417419395
num__HalfBath,0.0011307916141918295
cat__GarageType_Attchd,0.0010388883237337034
cat__MSZoning_RM,0.0010388662407915736
cat__BsmtFinType1_GLQ,0.0010333405881752626
num__BsmtFullBath,0.0010057192035484363
cat__ExterQual_TA,0.0009558185359378347
cat__CentralAir_N,0.0009534897494761245
cat__MSZoning_RL,0.0009136068088694933
cat__FireplaceQu_Gd,0.0008465860852140724
cat__GarageFinish_Unf,0.0008361061214615567
cat__SaleCondition_Normal,0.0007857222581979826
cat__CentralAir_Y,0.0007742598767236297
cat__Neighborhood_Crawfor,0.0007606190515941905
cat__SaleCondition_Partial,0.0007358474018578849
cat__MasVnrType_Stone,0.0006641752312088734
cat__KitchenQual_TA,0.0006493670752487195
cat__GarageFinish_RFn,0.000634427524185371
num__ScreenPorch,0.0006191358132422955
cat__SaleType_New,0.0006138603554490942
cat__GarageFinish_Fin,0.0005994508906059658
cat__HouseStyle_2Story,0.0005793570161132584
cat__Neighborhood_StoneBr,0.0005554369328225088
cat__LotShape_IR1,0.000537853080397006
cat__FireplaceQu_Ex,0.0004901384038109012
cat__SaleType_WD,0.00046276741483678357
cat__GarageQual_TA,0.0004388280461990545
cat__Exterior2nd_VinylSd,0.0004331130757228785
cat__Functional_Typ,0.00043303620480231647
num__BsmtFinSF2,0.000413495702278908
cat__LotConfig_CulDSac,0.000401116743114628
cat__MasVnrType_None,0.00040095247703557873
num__EnclosedPorch,0.00038142488443812164
cat__HeatingQC_Ex,0.00036535269349142926
cat__FireplaceQu_TA,0.0003648093152493234
cat__SaleCondition_Family,0.00036114838820222925
cat__RoofStyle_Hip,0.00035171252948800456
cat__Exterior1st_BrkFace,0.00035116075430163254
cat__RoofStyle_Gable,0.0003469068043638012
cat__LotConfig_Inside,0.00034539782304782656
cat__HeatingQC_TA,0.00034488350076496333
cat__MasVnrType_BrkFace,0.0003448729108081903
cat__Exterior1st_VinylSd,0.00034083910774644925
cat__Exterior1st_MetalSd,0.0003299436891452418
cat__BsmtQual_TA,0.00030177316559717505
cat__Neighborhood_NAmes,0.000301144351518597
cat__Exterior2nd_MetalSd,0.00030076610129679
cat__Neighborhood_NridgHt,0.00029469056729329514
cat__BldgType_1Fam,0.0002872748589953611
cat__GarageCond_TA,0.00028366727644638887
cat__BsmtFinType1_ALQ,0.00026721286099472974
cat__Foundation_PConc,0.0002566413779165151
cat__LandContour_Lvl,0.00025236091698714244
cat__SaleCondition_Abnorml,0.0002460362860174741
cat__BsmtCond_TA,0.00024598539999130884
cat__LotConfig_Corner,0.0002453905527193574
cat__Alley_None,0.00024195517986143122
cat__HouseStyle_1.5Fin,0.00024123823390374838
cat__BsmtExposure_Av,0.00022473537720805613
cat__Neighborhood_Timber,0.00022297897347589514
cat__Foundation_CBlock,0.0002196124050017684
num__3SsnPorch,0.00021898203951063386
cat__BsmtCond_Gd,0.00021759669271799199
cat__Neighborhood_NoRidge,0.00021626898855698677
cat__BsmtFinType1_Unf,0.00021505237195353254
cat__ExterCond_TA,0.00020098417073601625
cat__ExterCond_Gd,0.00020069285697681298
cat__Condition1_Norm,0.00019963457600958169
cat__Neighborhood_CollgCr,0.0001959234851064255
cat__LandSlope_Mod,0.00019252951048593056
cat__HeatingQC_Gd,0.0001920611580831947
cat__Condition1_Artery,0.00019199484462797695
cat__Neighborhood_Somerst,0.00019141258261506163
cat__Fence_None,0.00018768451400311245
cat__Exterior2nd_HdBoard,0.000186765458929157
cat__Functional_Mod,0.0001858893251142078
cat__LotShape_IR2,0.00017978829112836266
cat__LandSlope_Gtl,0.00017445902260038922
cat__Neighborhood_Edwards,0.00016763785860335524
cat__LandContour_HLS,0.00016521170762415885
cat__Exterior2nd_Wd Shng,0.00016198733241503614
cat__Exterior1st_Wd Sdng,0.0001565534521711785
cat__Exterior2nd_CmentBd,0.00015189005396457392
cat__Exterior2nd_Wd Sdng,0.00015058377131416643
cat__Exterior1st_Stucco,0.0001491010701708195
cat__BsmtExposure_Mn,0.0001470786287655514
cat__GarageType_BuiltIn,0.00014440305861452708
cat__HouseStyle_1Story,0.0001430984681327284
cat__Exterior2nd_Plywood,0.00013847871561543883
cat__Neighborhood_OldTown,0.00013440324743936049
num__BsmtHalfBath,0.00013061490975765
cat__Neighborhood_ClearCr,0.00012834236734015828
cat__Exterior1st_CemntBd,0.00012346276264214496
cat__MSZoning_C (all),0.00012243309513486036
cat__Exterior1st_HdBoard,0.00011894585535174591
cat__BsmtFinType1_Rec,0.00011683434173891181
cat__BsmtFinType2_Unf,0.00011443386739436146
cat__BsmtCond_Fa,0.00011441180626296741
cat__Fence_GdWo,0.00011093560214413938
cat__HeatingQC_Fa,0.00010628815451629669
cat__Electrical_SBrkr,9.977033256450786e-05
cat__ExterCond_Fa,9.692197387622123e-05
cat__Exterior2nd_Stucco,9.543856784701353e-05
cat__Neighborhood_NWAmes,9.516672487079223e-05
cat__BsmtFinType1_LwQ,9.147565716410819e-05
cat__Exterior1st_Plywood,9.13250239189877e-05
cat__BsmtFinType1_BLQ,8.805271743785704e-05
cat__Condition1_Feedr,8.647469342067332e-05
cat__PavedDrive_Y,8.545119009762236e-05
cat__LandContour_Bnk,8.236827205113841e-05
cat__Foundation_BrkTil,8.1116178536635e-05
cat__LotConfig_FR2,8.040609051744219e-05
cat__Fence_GdPrv,7.933212042714453e-05
cat__Neighborhood_Gilbert,7.79376241276087e-05
num__LowQualFinSF,7.763939064216292e-05
cat__MSZoning_FV,7.700333331490407e-05
cat__PavedDrive_N,7.662414743309148e-05
cat__BsmtFinType2_Rec,7.540407197164023e-05
cat__Condition1_PosN,7.274225371306411e-05
cat__HouseStyle_SLvl,7.190919975680415e-05
cat__Fence_MnPrv,7.04040250235442e-05
cat__RoofStyle_Flat,6.983951921861563e-05
cat__LotConfig_FR3,6.955651048570435e-05
cat__KitchenQual_Fa,6.941140121731109e-05
cat__Condition1_RRAe,6.919497406001562e-05
cat__Neighborhood_BrkSide,6.574021026168983e-05
cat__Neighborhood_Sawyer,6.303256057101e-05
cat__BsmtFinType2_ALQ,6.20670662205236e-05
cat__BldgType_Duplex,5.9441065065072486e-05
cat__Functional_Min1,5.781305356350763e-05
cat__Alley_Pave,5.755318466807202e-05
cat__GarageType_None,5.623984528061206e-05
cat__Heating_GasA,5.513970852362784e-05
cat__Alley_Grvl,5.4589345589660515e-05
cat__HouseStyle_2.5Unf,5.421438262691195e-05
cat__RoofMatl_CompShg,5.3124958675647556e-05
cat__Electrical_FuseA,5.22807094270368e-05
cat__GarageQual_None,4.982981054885885e-05
cat__LandSlope_Sev,4.83521069763914e-05
cat__GarageCond_None,4.711579867656891e-05
cat__GarageQual_Fa,4.6111509261926486e-05
cat__Neighborhood_Mitchel,4.5693037500910666e-05
cat__GarageType_CarPort,4.4354250784806146e-05
cat__BsmtQual_Fa,4.334491282461734e-05
cat__Functional_Min2,4.3110158644630926e-05
cat__Neighborhood_IDOTRR,4.250875662872055e-05
cat__LandContour_Low,4.1995228240183494e-05
cat__Condition1_PosA,4.197945206495063e-05
cat__RoofStyle_Gambrel,4.1594729181823994e-05
cat__RoofMatl_WdShngl,4.1350397413514724e-05
cat__Exterior1st_BrkComm,3.937857257589271e-05
cat__PavedDrive_P,3.862744916230141e-05
cat__BsmtFinType2_LwQ,3.8014487976344925e-05
cat__Neighborhood_Veenker,3.780679379300814e-05
cat__FireplaceQu_Po,3.6749403493419676e-05
cat__RoofMatl_Tar&Grv,3.609447292155269e-05
cat__MasVnrType_BrkCmn,3.597484475517422e-05
cat__Exterior2nd_Brk Cmn,3.550923337736306e-05
cat__BldgType_TwnhsE,3.4392994681563805e-05
cat__Functional_Maj1,3.2836565354760845e-05
cat__PoolQC_None,3.2752014702701676e-05
cat__Neighborhood_SawyerW,3.2513611824731935e-05
cat__Heating_OthW,3.0242273029671638e-05
cat__MiscFeature_None,2.831426181877676e-05
cat__SaleType_COD,2.7950809708569357e-05
cat__Condition1_RRAn,2.718139502453407e-05
cat__Functional_Sev,2.62618502736939e-05
cat__GarageFinish_None,2.617787046890826e-05
cat__Exterior1st_WdShing,2.5710111408399646e-05
cat__SaleCondition_Alloca,2.537975276451848e-05
cat__PoolQC_Ex,2.4726729976134647e-05
cat__GarageCond_Gd,2.4357428090307917e-05
cat__SaleType_CWD,2.3912151221166954e-05
cat__Exterior2nd_ImStucc,2.35359374990298e-05
cat__LotShape_IR3,2.303849426249267e-05
cat__MSZoning_RH,2.283937934691699e-05
cat__Heating_GasW,2.268739457077529e-05
num__MiscVal,2.2099819525071767e-05
cat__BldgType_Twnhs,2.0979993010269515e-05
cat__GarageCond_Fa,2.0448886885580842e-05
cat__Condition2_Norm,2.030426930071821e-05
cat__MiscFeature_Shed,1.947452358090193e-05
cat__Electrical_FuseF,1.7811237965650778e-05
cat__BsmtFinType1_None,1.6960035600104428e-05
cat__Neighborhood_SWISU,1.67936290706718e-05
cat__RoofStyle_Shed,1.665638631272708e-05
num__PoolArea,1.6505330583311917e-05
cat__Foundation_Stone,1.6196639487580056e-05
cat__Neighborhood_MeadowV,1.5253163781176554e-05
cat__Neighborhood_BrDale,1.5036199933836422e-05
cat__HouseStyle_1.5Unf,1.500441443521388e-05
cat__BldgType_2fmCon,1.4887665396509986e-05
cat__Functional_Maj2,1.4217540250430182e-05
cat__Neighborhood_Blmngtn,1.3817263288159366e-05
cat__FireplaceQu_Fa,1.3343843664107431e-05
cat__BsmtFinType2_None,1.2520426215638905e-05
cat__Exterior2nd_BrkFace,1.2336730394624514e-05
cat__GarageQual_Gd,1.1680789106660452e-05
cat__RoofMatl_WdShake,1.148299849207426e-05
cat__BsmtQual_None,1.060253883704594e-05
cat__HouseStyle_SFoyer,9.557548400701171e-06
cat__BsmtCond_None,9.189862751853494e-06
cat__BsmtExposure_None,8.997182796424784e-06
cat__BsmtFinType2_BLQ,8.940320191388556e-06
cat__Exterior1st_AsbShng,8.886130482582043e-06
cat__SaleType_ConLD,8.492870785792795e-06
cat__Heating_Grav,8.097822162050866e-06
cat__Neighborhood_NPkVill,7.94186216363551e-06
cat__SaleType_ConLI,7.903880183079423e-06
cat__Exterior2nd_AsbShng,7.589756351803272e-06
cat__Exterior1st_Stone,7.4660419201122765e-06
cat__ExterQual_Fa,6.963502485987842e-06
cat__BsmtFinType2_GLQ,6.863944947968871e-06
cat__PoolQC_Gd,6.8428984208248084e-06
cat__Condition1_RRNn,5.661531313495879e-06
cat__RoofMatl_Metal,5.647092723426839e-06
cat__GarageType_2Types,4.992566408400789e-06
cat__GarageType_Basment,4.886351623903884e-06
cat__Exterior2nd_Other,4.5309468439781756e-06
cat__Exterior2nd_AsphShn,4.44169367963871e-06
cat__GarageQual_Ex,4.172812208580154e-06
cat__Electrical_FuseP,4.148740738674382e-06
cat__Foundation_Slab,3.941154623443478e-06
cat__Fence_MnWw,3.7132175065570005e-06
cat__SaleType_ConLw,3.439659317738431e-06
cat__Exterior2nd_Stone,3.4259593116626455e-06
cat__HouseStyle_2.5Fin,3.313212517640932e-06
cat__Condition2_PosN,3.248843397248289e-06
cat__PoolQC_Fa,2.922200799662085e-06
cat__Exterior1st_AsphShn,2.9003199956746103e-06
cat__SaleCondition_AdjLand,2.8154049098477086e-06
cat__SaleType_Oth,2.6305299848737547e-06
cat__GarageCond_Po,2.5656141388003164e-06
cat__Foundation_Wood,1.819858589477717e-06
cat__Street_Grvl,1.7118149762783865e-06
cat__RoofStyle_Mansard,1.2738201286976008e-06
cat__SaleType_Con,1.2399280204770013e-06
cat__Heating_Floor,1.0819580242177317e-06
cat__MiscFeature_Gar2,1.0535174124826085e-06
cat__MiscFeature_Othr,9.163723595024082e-07
cat__Heating_Wall,8.604586437252209e-07
cat__Condition2_Feedr,8.577641313257842e-07
cat__Street_Pave,8.044774817162203e-07
cat__MiscFeature_TenC,8.038735299246436e-07
cat__HeatingQC_Po,5.935844219609148e-07
cat__Condition1_RRNe,4.942144620782849e-07
cat__Condition2_Artery,4.140325812043299e-07
cat__GarageQual_Po,3.371536204008518e-07
cat__Condition2_RRAe,3.345155939834905e-07
cat__Condition2_RRAn,3.2773664126795934e-07
cat__Neighborhood_Blueste,3.174650622498568e-07
cat__Exterior1st_CBlock,2.872205362694636e-07
cat__BsmtCond_Po,2.74449012786349e-07
cat__Exterior1st_ImStucc,9.775280628616551e-08
cat__RoofMatl_Roll,9.10985001792373e-08
cat__GarageCond_Ex,5.8622335807264404e-08
cat__ExterCond_Po,3.267990011335668e-08
cat__ExterCond_Ex,2.491079890010276e-08
cat__Condition2_RRNn,2.167135605700777e-08
cat__Utilities_AllPub,1.720274502139092e-08
cat__Exterior2nd_CBlock,5.372725738249453e-09
cat__Utilities_NoSeWa,4.668473153999198e-09
